# Lucas 6:20b e 6:24 — Peshitta (siríaco), texto como em STEPBible/sacred-texts (edição de Urmia/Gwilliam: CONFERIR)
# translit. (siríaco ocidental simplificado), morfologia e glosas: próprias — revisar com léxico (Payne Smith; SEDRA)
ref	palavra	translit	lema	strong	morf	pt	en	var	freq_nt
6:20	ܛܘܒܝܟܘܢ	ṭūbaykōn	ܛܘܒܐ		subst. pl. + suf. 2ª m. pl.	felizes [sois] vós	blessed [are] YOU		
6:20	ܡܣܟܢܐ	meskēnē	ܡܣܟܢܐ		adj. m. pl. enf.	pobres	poor [ones]		
6:20	ܕܕܝܠܟܘܢ	d-dīlkōn	ܕܝܠ		conj. + partíc. poss. + suf. 2ª m. pl.	pois vosso	for YOURS		
6:20	ܗܝ	hī	ܗܝ		pron. pess. 3ª f. sg. (cópula)	[ela] é	[it] is		
6:20	ܡܠܟܘܬܐ	malkūtā	ܡܠܟܘܬܐ		subst. f. sg. enf.	o reino	the kingdom		
6:20	ܕܐܠܗܐ	d-ʾalāhā	ܐܠܗܐ		partíc. gen. + subst. m. sg. enf.	de Deus	of God		
6:24	ܒܪܡ	bram	ܒܪܡ		conj.	porém	but		
6:24	ܘܝ	way	ܘܝ		interj.	ai	woe		
6:24	ܠܟܘܢ	lkōn	ܠ		prep. + suf. 2ª m. pl.	a vós	to YOU		
6:24	ܥܬܝܪܐ	ʿattīrē	ܥܬܝܪܐ		adj. m. pl. enf.	ricos	rich [ones]		
6:24	ܕܩܒܠܬܘܢ	d-qabbeltūn	ܩܒܠ		conj. + v. Pael perf. 2ª m. pl.	pois recebestes	for YOU received		
6:24	ܒܘܝܐܟܘܢ	buyāʾkōn	ܒܘܝܐܐ		subst. m. sg. + suf. 2ª m. pl.	vossa consolação	YOUR consolation		
