# Fonte: OpenScriptures Hebrew Bible — WLC + morfologia (CC BY 4.0); léxico Strong (dom. público)
# Lv 17:11 (hebraico) — translit. a preencher manualmente
# glosas pt/en e transliteração: próprias (literais)
ref	palavra	translit	lema	strong	morf	pt	en	var	freq_nt
17:11	כִּ֣י	kî	כִּי	H3588	conj.	pois	for		
17:11	נֶ֣פֶשׁ	nep̄eš	נֶפֶשׁ	H5315	subst. m./f. sg. constr.	a vida de	the life of		
17:11	הַבָּשָׂר֮	habbāśār	בָּשָׂר	H1320	art. + subst. m. sg. abs.	a carne	the flesh		
17:11	בַּדָּ֣ם	baddām	דָּם	H1818	prep. + art. + subst. m. sg. abs.	no sangue	in the blood		
17:11	הִוא֒	hîʾ	הוּא	H1931	pron. pess. 3ª f. sg.	ela [está]	it [is]		
17:11	וַאֲנִ֞י	waʾănî	אֲנִי	H589	conj. + pron. pess. 1ª comum sg.	e eu	and I		
17:11	נְתַתִּ֤יו	nətattîw	נָתַן	H5414	v. Qal perf. (qatal) 1ª comum sg. + suf. 3ª m. sg.	dei-o	I have given it		
17:11	לָכֶם֙	lākem			prep. + suf. 2ª m. pl.	a vós	to YOU		
17:11	עַל־	ʿal	עַל	H5921	prep.	sobre	upon		
17:11	הַמִּזְבֵּ֔חַ	hammizbēaḥ	מִזְבֵּחַ	H4196	art. + subst. m. sg. abs.	o altar	the altar		
17:11	לְכַפֵּ֖ר	ləkappēr	כָּפַר	H3722	prep. + v. Piel inf. constr.	para fazer expiação	to make atonement		
17:11	עַל־	ʿal	עַל	H5921	prep.	por	for		
17:11	נַפְשֹׁתֵיכֶ֑ם	nap̄šōtêkem	נֶפֶשׁ	H5315	subst. m./f. pl. constr. + suf. 2ª m. pl.	vossas vidas	YOUR souls		
17:11	כִּֽי־	kî	כִּי	H3588	conj.	pois	for		
17:11	הַדָּ֥ם	haddām	דָּם	H1818	art. + subst. m. sg. abs.	o sangue	the blood		
17:11	ה֖וּא	hûʾ	הוּא	H1931	pron. pess. 3ª m. sg.	ele	it		
17:11	בַּנֶּ֥פֶשׁ	bannep̄eš	נֶפֶשׁ	H5315	prep. + art. + subst. m./f. sg. abs.	pela vida	by the life		
17:11	יְכַפֵּֽר	yəkappēr	כָּפַר	H3722	v. Piel imperf. (yiqtol) 3ª m. sg.	faz expiação	makes atonement		
