# Seja Feliz Para Sempre! – Curso Interativo da Bíblia (lff) — edição em português (Portugal), PDF
# Índice das lições: gerado por ferramentas/livro.py indice e títulos revisados à mão
# pagina = página impressa; pagina_pdf = página do arquivo PDF (pagina + 2)
num	parte	titulo	pagina	pagina_pdf
01	1	Como é que a Bíblia o pode ajudar?	5	7
02	1	A Bíblia dá-nos esperança	9	11
03	1	Será que pode acreditar na Bíblia?	13	15
04	1	Quem é Deus?	17	19
05	1	A Bíblia é a mensagem de Deus para nós	21	23
06	1	Como é que a vida começou?	25	27
07	1	Conheça melhor a Jeová	29	31
08	1	Você pode ser amigo de Jeová	33	35
09	1	A oração fortalece a sua amizade com Deus	37	39
10	1	Como é que as reuniões das Testemunhas de Jeová podem ajudá-lo?	41	43
11	1	Como pode aproveitar ao máximo a leitura da Bíblia?	45	47
12	1	O que vai ajudá-lo a continuar a estudar a Bíblia?	49	51
13	2	Como é que as religiões falsas afastam as pessoas de Deus?	55	57
14	2	O que temos de fazer para Deus aceitar a nossa adoração?	59	61
15	2	Quem é Jesus?	63	65
16	2	O que é que Jesus fez quando esteve na Terra?	67	69
17	2	Que tipo de pessoa é Jesus?	71	73
18	2	Como saber quem são os cristãos verdadeiros?	75	77
19	2	Será que as Testemunhas de Jeová são cristãos verdadeiros?	79	81
20	2	Como é que a congregação está organizada?	83	85
21	2	Como é que as boas novas estão a ser pregadas?	87	89
22	2	Como é que você pode falar com outros sobre as boas novas?	91	93
23	2	Batismo – Um alvo que vale a pena ter!	95	97
24	2	Quem são os anjos, e o que é que eles fazem?	99	101
25	2	Qual é o objetivo de Deus para nós?	103	105
26	2	Porque é que a maldade e o sofrimento existem?	107	109
27	2	Como é que a morte de Jesus nos pode salvar?	111	113
28	2	Como mostrar gratidão pelo que Jeová e Jesus fizeram por si	115	117
29	2	O que acontece quando uma pessoa morre?	119	121
30	2	As pessoas que você ama podem voltar a viver!	123	125
31	2	O que é o Reino de Deus?	127	129
32	2	O Reino de Deus já está a governar!	131	133
33	2	O que é que o Reino de Deus vai fazer?	137	139
34	3	Como podemos mostrar o nosso amor por Jeová?	143	145
35	3	Como podemos tomar boas decisões	147	149
36	3	Seja sempre honesto	151	153
37	3	O que a Bíblia diz sobre trabalho e dinheiro	155	157
38	3	Dê valor ao presente da vida	159	161
39	3	O ponto de vista de Deus sobre o sangue	163	165
40	3	Como podemos ser limpos aos olhos de Deus?	167	169
41	3	O que é que a Bíblia diz sobre sexo?	171	173
42	3	O que é que a Bíblia diz sobre casar-se e ficar solteiro?	175	177
43	3	O que é que a Bíblia diz sobre as bebidas alcoólicas?	179	181
44	3	Será que todos os feriados agradam a Deus?	183	185
45	3	O que significa ser neutro?	187	189
46	3	Porque dedicar-se a Jeová e batizar-se?	191	193
47	3	Está pronto para ser batizado?	195	197
48	4	Escolha bem os amigos	201	203
49	4	Como pode ter uma família feliz? – Parte 1	205	207
50	4	Como pode ter uma família feliz? – Parte 2	209	211
51	4	Como podemos agradar a Jeová pela forma como falamos?	213	215
52	4	Porque é importante pensar na nossa roupa e aparência?	217	219
53	4	Como escolher bem as diversões	221	223
54	4	O que faz “o escravo fiel e prudente”?	225	227
55	4	Apoie a sua congregação	229	231
56	4	Faça a sua parte para manter a união	233	235
57	4	E se você cometer um pecado grave?	237	239
58	4	Continue leal a Jeová	241	243
59	4	Enfrente perseguição com coragem!	245	247
60	4	Continue a fortalecer a sua amizade com Jeová	249	251
